customer_id,first_name,last_name,email,phone,address,city,state,zip_code,country,created_at
1001,Danielle,Johnson,john21@example.net,001-581-896-001,9402 Peterson Drives,Port Matthew,CO,50298,USA,2023-11-24 09:01:00
1002,Colin,Abbott,lindsay78@example.org,(518)349-59310,7525 Clark Grove Apt. 928,East Steven,KY,84387,USA,2023-05-21 11:14:00
1003,Hailey,Robinson,megan03@example.org,564-613-953767,653 William Course Apt. 122,Carlsonfurt,MS,78605,USA,2023-03-13 19:06:00
1004,Wendy,Rice,frazierdanny@example.net,001-645-514-627,2880 Burns Creek,Natashaport,IA,08093,USA,2023-12-13 19:57:00
1005,John,Bradley,millertodd@example.org,001-682-827-824,8713 Caleb Brooks Apt. 930,Lake Crystalbury,CA,04618,USA,2023-10-07 09:37:00
1006,Michele,Jones,joshuawashington@example.net,(399)873-7631,6701 Richard Junction Apt. 333,Taylorburgh,KY,61138,USA,2023-08-05 08:01:00
1007,John,Leblanc,jmorton@example.org,5808132677,60647 Henderson Street,Mooreport,IL,08166,USA,2023-02-17 11:14:00
1008,Beth,Daniels,brian97@example.net,220.381.219136,998 Donovan Ford Suite 346,Lake Debbie,NH,41942,USA,2023-09-16 17:01:00
1009,Sarah,Walls,ellisyolanda@example.org,783-684-2513,8498 Elizabeth Plaza,Sarahville,FM,18102,USA,2023-10-15 11:45:00
1010,Joseph,Preston,josephjacobs@example.net,634-487-401640,680 Charles Spurs Apt. 805,South David,ME,48296,USA,2023-11-29 19:34:00
1011,Rachel,Flynn,nolanjason@example.org,+1-815-586-9232,16073 Lisa Mount Suite 433,Lake Jamesmouth,KY,09600,USA,2023-08-03 11:28:00
1012,Tammy,Ramirez,ifrazier@example.com,8147294019,9816 Jonathan Station Suite 088,West Ryan,TN,43780,USA,2023-10-29 12:51:00
1013,Cindy,Alvarado,cortezkevin@example.com,+1-865-264-8236,3699 Marshall Mills Apt. 872,West Zacharymouth,CO,98954,USA,2023-01-04 20:51:00
1014,Jimmy,Collins,dylanwilliams@example.com,+1-317-869-3676,87083 Stephen Unions,Contrerasside,PA,42089,USA,2023-03-23 19:27:00
1015,Stephanie,Vance,jrivas@example.com,(677)943-4873,434 Flores Plains,East Edwardfurt,UT,20529,USA,2023-06-24 12:09:00
1016,Jasmine,Brown,drivera@example.com,2367690967,6889 Tracy Groves Suite 706,Elizabethfurt,VA,22133,USA,2023-04-21 20:21:00
1017,Mary,Calhoun,meadowsbrittany@example.net,7165272046,5646 Conley Mountains Apt. 805,Lake Casey,SD,05777,USA,2023-02-22 09:24:00
1018,Karen,Herring,maryhowell@example.org,(371)493-7452,90496 David Flat Apt. 931,Melissaville,WY,74678,USA,2023-02-19 13:54:00
1019,Kimberly,Reed,estanley@example.net,+1-650-967-1657,9453 Joshua Mission Apt. 799,Rogersfort,PR,43101,USA,2023-06-26 17:16:00
1020,Hunter,Lewis,matthew94@example.net,9839136783,14363 Beck Land Suite 885,Barajasside,MA,46613,USA,2023-01-23 19:29:00
1021,Jacqueline,Nelson,jerry35@example.org,001-682-533-749,40824 Terri Plaza Suite 271,New Justinfort,NV,45158,USA,2023-10-02 09:59:00
1022,Jack,Williams,ewilson@example.com,519.802.294131,4964 Chelsea Streets Apt. 334,East Johnside,CA,21018,USA,2023-07-13 09:35:00
1023,Aaron,Hayes,ocarter@example.com,001-447-613-493,02499 Gonzales Mountain,Hollyview,NY,71277,USA,2023-05-31 18:39:00
1024,Troy,Miller,prestonjessica@example.net,901-639-904902,671 Bailey Isle,Elizabethburgh,MA,54456,USA,2023-07-05 17:12:00
1025,Heather,Roberts,jcervantes@example.org,215.545.168087,770 Joseph Curve Suite 771,Lake Chelseabury,VT,21259,USA,2023-12-27 09:02:00
1026,Lance,Smith,hdavis@example.com,527-948-4677,3982 Joshua Turnpike,Morganhaven,KY,00837,USA,2023-12-05 11:49:00
1027,Justin,Evans,cgrimes@example.net,855.288.675339,766 Tyler Camp Apt. 895,Port Meganville,NC,60391,USA,2023-05-29 09:54:00
1028,Alexis,Thomas,charlesharrington@example.com,696-515-865780,1172 Berger Cape,Lauraport,MI,49632,USA,2023-04-30 09:24:00
1029,Ryan,Sanchez,yknight@example.org,(421)596-9379,474 Rachel Mountain Suite 821,Landryshire,ME,84247,USA,2023-05-23 15:40:00
1030,Suzanne,Vaughn,mbruce@example.com,213.969.594406,95339 Byrd Stravenue Apt. 104,Johnsonstad,VA,17725,USA,2023-07-06 10:23:00
1031,Christopher,Phillips,ithompson@example.net,(488)542-47451,516 Joseph Crossing Suite 549,Carsonstad,CT,88953,USA,2023-07-01 11:42:00
1032,Jesus,Johnson,rose31@example.net,446.812.004711,8692 Pena Village Suite 964,Lake Mitchellmouth,NV,31448,USA,2023-05-17 19:59:00
1033,Melissa,Garcia,amy50@example.com,531-371-390053,335 Kristina Ranch,West Micheleberg,DC,71308,USA,2023-12-16 18:04:00
1034,John,Thompson,andersonmichael@example.org,001-350-324-026,5891 Gordon Ridges Apt. 847,North Yolandafurt,NE,90429,USA,2023-11-08 18:10:00
1035,Daniel,Joseph,fjones@example.com,+1-621-924-9985,18367 Robert Views Suite 661,Ronaldview,MN,20507,USA,2023-10-01 19:15:00
1036,Gloria,Wells,deckerchristopher@example.org,001-252-680-988,1983 Diane Fork Apt. 585,Port Joshuabury,AS,56745,USA,2023-03-25 15:24:00
1037,Megan,Villegas,lynchdiane@example.net,302-444-550229,83667 Moore Inlet,Kimberlyshire,PA,11636,USA,2023-05-19 18:44:00
1038,Nicole,Moore,craigjoseph@example.net,(979)676-43815,69003 Dougherty Trafficway,Port Jonathan,MD,16227,USA,2023-10-13 11:43:00
1039,Adrian,Burgess,davidpatel@example.org,885.816.060715,60529 Collier Lake Apt. 613,Chapmanhaven,CO,52374,USA,2023-06-16 20:49:00
1040,Monica,Reese,masonjackson@example.net,+1-418-483-5523,77997 Lin Road,Edwardland,NJ,58462,USA,2023-01-29 11:52:00
1041,Crystal,Hogan,bellcharles@example.com,200.954.119986,9782 Shannon Valleys,Toniland,NY,85190,USA,2023-01-17 20:20:00
1042,Gerald,Wright,hritter@example.net,+1-725-354-6659,4925 Brandi Divide Suite 462,West Angelicamouth,GU,17251,USA,2023-07-25 12:04:00
1043,Elizabeth,Calderon,lucasrodney@example.com,4544235733,1888 Ebony Wells,New Nicholas,GA,24204,USA,2023-04-19 17:56:00
1044,Marie,Wise,jenniferwilliams@example.com,+1-937-994-7383,8862 Laurie Dam Suite 075,Lake Meghanville,LA,11494,USA,2023-06-11 11:41:00
1045,Kathryn,Nelson,mariahdavis@example.org,550.260.685361,52204 Horton Dam Suite 790,North Jonathanberg,OH,95821,USA,2023-09-13 14:56:00
1046,Chelsea,Henderson,john10@example.org,(897)211-79808,96218 Jones Pine Apt. 670,Zavalaview,WA,02629,USA,2023-11-26 15:09:00
1047,Michael,Jones,jessicafuller@example.net,001-952-205-852,03054 Hays Plains Suite 403,Michaelton,VI,86449,USA,2023-05-16 10:15:00
1048,Martin,Martinez,samuel67@example.com,627-775-841616,54479 Jackson Mills,Sergiostad,RI,57509,USA,2023-10-15 16:16:00
1049,Joshua,Whitney,jonesdana@example.com,220.429.702135,5719 Alyssa Locks Suite 431,Lake Jacobhaven,MS,74120,USA,2023-10-27 14:57:00
1050,David,Hampton,nlewis@example.com,001-373-612-172,25831 Laura Freeway Suite 058,Tannerside,DC,80710,USA,2023-10-26 14:23:00
1051,Nicole,Jones,ukey@example.com,466.491.251778,018 Kevin Estates Suite 358,Meghanview,ID,83739,USA,2023-04-23 10:32:00
1052,Stephanie,Hill,christina18@example.net,(299)222-9959,94396 Tyler Road,Dawnport,NJ,32597,USA,2023-09-10 09:48:00
1053,Linda,Cohen,shawn02@example.com,(377)735-92555,1473 Colin Highway,Linchester,IA,21433,USA,2023-01-25 09:09:00
1054,Lisa,Peck,james27@example.net,774.270.168733,7974 Melanie Meadows,West Jessica,WV,53356,USA,2023-11-18 10:50:00
1055,Michael,Morales,michaelroberts@example.com,478.549.912165,000 Jennifer Unions Suite 872,West Sarah,MD,21800,USA,2023-12-15 14:38:00
1056,Phillip,Jensen,brittney88@example.net,994.670.551694,097 Alexandria Stravenue,Hernandezbury,AZ,75548,USA,2023-02-02 14:24:00
1057,Stacy,Rodriguez,alexanderrobert@example.com,001-936-889-702,78585 Bishop Fields Apt. 484,West Kellie,VT,27669,USA,2023-11-02 15:33:00
1058,Hannah,Burns,ybailey@example.net,341-798-665240,473 Maria Groves Suite 219,East Brent,MH,70105,USA,2023-05-09 16:55:00
1059,Jeremiah,Hall,gutierrezjennifer@example.org,+1-520-282-6773,2067 Sharon Well,Nancytown,ME,74944,USA,2023-01-06 18:46:00
1060,Carrie,Hebert,justin88@example.com,(687)443-1527,549 Gregory Walks,Wilcoxhaven,MD,11869,USA,2023-02-28 18:56:00
1061,Richard,Davis,thomasboyle@example.org,563-274-549904,4268 Vaughn Route,Michaelbury,IN,18008,USA,2023-10-02 20:17:00
1062,Timothy,Gibson,robert87@example.net,+1-533-491-8785,8713 Davis Pass,Stokesmouth,DC,67773,USA,2023-11-25 13:07:00
1063,Robert,Elliott,tchambers@example.net,7643039106,70462 Katie Stream,Brooksfurt,NV,49980,USA,2023-05-31 14:10:00
1064,Nicholas,Vega,desireebailey@example.org,+1-868-823-0047,75243 Antonio Shore,Mendeztown,IA,27512,USA,2023-08-21 08:46:00
1065,Carlos,Wheeler,tharper@example.org,606.573.8302,953 Walter Shore Apt. 644,New Stacyburgh,SC,89466,USA,2023-05-15 16:48:00
1066,Ronald,Simpson,shelly68@example.com,001-466-924-628,668 Paul Glens,West Deborah,NV,49138,USA,2023-04-02 16:58:00
1067,Christopher,Hardy,brettbennett@example.net,+1-501-539-8373,739 Randy Garden,Kimberlyfurt,NH,70447,USA,2023-02-24 18:19:00
1068,Deborah,Parker,william77@example.org,001-875-635-560,53693 Pierce Spur,Jonathanfort,VA,84609,USA,2023-11-24 16:38:00
1069,Jodi,Murray,gary87@example.org,+1-508-301-0062,38750 Hopkins Brook,New Andreatown,AK,69892,USA,2023-04-12 10:23:00
1070,Jennifer,Nichols,andre62@example.org,682-833-9845,6793 Kevin Views,Lake Victoriaton,CO,53621,USA,2023-03-24 16:49:00
1071,Nicholas,Tran,walshjacqueline@example.org,365.691.803397,50392 Hickman Hills,New John,MP,51508,USA,2023-09-29 08:38:00
1072,Erica,Fernandez,icampos@example.net,001-818-750-163,477 Michael Lane,Lopezshire,TN,50317,USA,2023-06-15 15:01:00
1073,Christopher,Montgomery,jennifermiller@example.org,(426)355-11047,7888 Garcia Corners,Angelamouth,VI,50994,USA,2023-02-27 13:56:00
1074,Alexander,Gutierrez,hardyanita@example.org,001-982-462-244,64647 Michael Gateway,Wheelerborough,NH,14522,USA,2023-06-07 11:03:00
1075,Derek,Smith,ncook@example.com,775-669-245937,356 Velasquez Lock Suite 193,Lake Katrina,AK,95818,USA,2023-05-04 17:05:00
1076,Steven,Erickson,ssalinas@example.org,(872)843-42661,8911 Diane Knoll,Lake Cheyenne,OK,85046,USA,2023-02-13 19:31:00
1077,Erica,Ross,tammy61@example.org,943-788-8993,9825 Timothy Hill Suite 112,Larrymouth,WY,27615,USA,2023-02-05 20:34:00
1078,Adriana,Bailey,kimheather@example.com,440-410-5123,673 Soto Ferry Suite 609,South Brittany,MS,01084,USA,2023-03-06 10:42:00
1079,Janet,Harris,raylauren@example.net,(755)837-1478,155 Williamson Via Suite 991,West David,ME,15829,USA,2023-09-01 16:10:00
1080,Isaac,Steele,ibarnes@example.net,(962)278-28274,72368 Ortiz Overpass Suite 772,New Anthonybury,LA,04786,USA,2023-05-16 16:55:00
1081,Joshua,Medina,kimberlycunningham@example.com,+1-281-991-4858,1340 Baker Wall,South Michelleville,WI,31557,USA,2023-11-07 14:13:00
1082,Jason,Rojas,michelle96@example.org,+1-723-630-9584,481 Sydney Turnpike Suite 042,East Dustin,MD,32948,USA,2023-10-04 20:46:00
1083,Kathleen,Lowe,othomas@example.com,+1-266-371-1684,518 Robinson Meadow Apt. 745,Matthewshire,DC,74706,USA,2023-12-20 11:45:00
1084,Melissa,Kramer,williamsconnie@example.com,6124770632,54152 Randy Inlet Apt. 611,East Thomasberg,OR,30148,USA,2023-06-09 14:42:00
1085,April,Wallace,dominguezlisa@example.com,001-427-813-611,218 Chelsey Expressway,Bellborough,SC,98578,USA,2023-11-29 13:28:00
1086,Edward,Jenkins,fheath@example.org,(619)365-6523,999 Maxwell Spurs,Port Melanieport,IL,68363,USA,2023-09-22 15:07:00
1087,Catherine,Lopez,dphillips@example.org,861.737.918055,1091 Jose Canyon,Port Raymondport,SC,93906,USA,2023-05-07 11:04:00
1088,Walter,Perry,imiller@example.net,+1-324-614-1832,303 Sandy Crescent Suite 990,Elizabethburgh,DE,02161,USA,2023-06-23 08:37:00
1089,Jean,Miles,tylerreed@example.net,001-642-352-410,8507 Michael Glens Apt. 913,North Micheletown,IA,06527,USA,2023-10-11 11:37:00
1090,Thomas,Reyes,haroldhorne@example.org,+1-763-353-6541,38061 Cline Trail,Markside,NH,01545,USA,2023-04-23 08:04:00
1091,Miguel,Carter,jodi37@example.com,001-573-783-206,0641 Alyssa Freeway,Vasquezton,FL,93778,USA,2023-12-29 18:03:00
1092,Joshua,Williams,phyllismeyer@example.net,(871)491-82619,4565 Chavez Fort,East Derekshire,CT,20870,USA,2023-04-28 09:57:00
1093,Daniel,Cole,richard85@example.org,447.341.124903,6804 Wilkins Extensions,South Melissaside,WA,72606,USA,2023-01-17 13:04:00
1094,John,Murray,davidbrown@example.org,(236)351-9941,721 Martinez Mountain,East Sandrachester,GU,95453,USA,2023-09-21 11:17:00
1095,Randall,Johnson,nthompson@example.org,947-220-999347,6263 Crystal Unions,South Kimberlystad,NJ,71872,USA,2023-12-09 15:13:00
1096,Kimberly,Cooper,paul20@example.com,+1-530-540-7859,039 Kelly Villages Apt. 239,Lindastad,PW,78038,USA,2023-10-04 10:46:00
1097,Anthony,Haynes,annalopez@example.com,+1-542-270-1039,59325 Samantha Vista Suite 002,Port Daniel,NC,48327,USA,2023-10-20 17:30:00
1098,Susan,Brooks,vwillis@example.com,622-667-528953,09690 Carrie Valleys,Lake Ariana,NM,18935,USA,2023-05-05 20:30:00
1099,Mark,Miller,toni21@example.net,+1-957-804-3315,7658 Garcia Neck,East Shannon,AS,04880,USA,2023-07-28 11:06:00
1100,Kenneth,Flores,jonesgeorge@example.com,(818)415-9970,01533 Terry Stravenue Suite 443,North Philipside,MP,64850,USA,2023-02-19 18:27:00
1101,Eric,Ward,qmiller@example.net,+1-873-910-3241,418 Lopez Light Suite 270,Scottview,IN,35701,USA,2023-07-01 14:26:00
1102,Anne,Hernandez,millermaurice@example.net,(393)880-68687,989 David Throughway,Thompsonburgh,IL,25761,USA,2023-08-28 19:03:00
1103,David,Henderson,oharris@example.org,+1-945-211-6868,62299 Sara Port Apt. 485,Bakerfort,OK,80318,USA,2023-12-11 18:41:00
1104,Thomas,Jackson,mthomas@example.net,001-660-665-307,1324 Schroeder Islands Suite 691,South Jason,GU,53869,USA,2023-02-20 08:25:00
1105,Joyce,Malone,lori82@example.org,986-228-902330,345 Wagner Roads Apt. 035,Wheelerburgh,VI,62705,USA,2023-06-23 20:55:00
1106,Brenda,Bailey,marygreen@example.net,540-560-2933,680 Thomas Curve Apt. 903,Charleneport,VT,93479,USA,2023-02-25 11:12:00
1107,Dawn,Coleman,dyork@example.com,774.689.6910,171 Mcneil Route Suite 444,East Zachary,IA,07942,USA,2023-04-08 16:28:00
1108,Linda,Lang,rguerrero@example.org,001-507-944-666,428 Kelly Mountains Apt. 482,Destinybury,MI,29773,USA,2023-03-13 14:11:00
1109,Julie,Parker,nathan94@example.com,370-899-9173,0223 Ortiz Port Suite 252,South Marvinburgh,MD,83666,USA,2023-05-23 15:15:00
1110,Brian,Hayes,kathleenjackson@example.org,512.796.666760,8300 Jeremy Wells,Larryville,MS,66474,USA,2023-02-08 15:51:00
1111,Brianna,Jackson,evanskelly@example.net,598.456.257532,098 David Station,South Nancyview,WI,70589,USA,2023-10-09 09:03:00
1112,Cindy,Wheeler,stanleydesiree@example.org,4165761847,6184 Robert Cove,West Danielville,NM,26538,USA,2023-11-30 16:53:00
1113,Chelsea,Strickland,michaelortiz@example.org,3873375300,18114 Stephen Hill Suite 701,Port Benjamin,LA,47715,USA,2023-01-08 09:59:00
1114,Laurie,Edwards,daviskatherine@example.org,7227557941,66746 Marsh Run,North David,VA,08187,USA,2023-05-02 10:26:00
1115,Tina,Richard,perrybrittany@example.net,+1-272-396-5902,508 Tiffany Skyway Suite 889,South Dorothybury,NJ,45819,USA,2023-09-06 15:13:00
1116,Elizabeth,Davidson,marygrant@example.net,7025877217,0838 Powell Freeway Apt. 779,Millerfort,NV,41927,USA,2023-07-25 08:10:00
1117,David,Jimenez,garciarobert@example.net,+1-901-799-4883,37589 Moran Lakes Suite 113,West Michaelport,OH,68918,USA,2023-07-14 08:24:00
1118,Nathaniel,Rodriguez,travisunderwood@example.net,001-361-849-331,917 Barrett Parkways,South Adam,WA,06867,USA,2023-05-16 20:50:00
1119,Angela,Reynolds,xglass@example.org,001-592-621-699,4722 Morrison Summit Suite 858,East Jason,VT,38587,USA,2023-08-21 12:27:00
1120,Glenda,Morse,tinasantos@example.org,385.215.879968,00342 Vega Drive Apt. 438,West Lisaville,RI,89043,USA,2023-12-23 19:50:00
1121,Jodi,Hancock,yyoung@example.net,506-766-580043,347 Tonya Club,East Jill,DE,49941,USA,2023-10-12 18:45:00
1122,Billy,Ramirez,david94@example.org,372-702-590947,81826 Davis Forges,Lake Martin,MN,38980,USA,2023-09-07 10:12:00
1123,Jeffery,Goodwin,wbarajas@example.net,7158739930,4840 Robertson Pass,Tuckerport,MH,85898,USA,2023-06-01 11:03:00
1124,James,Palmer,jacksonstephanie@example.net,+1-801-333-6138,75011 Gregory Glen,New Lorraineview,MT,51361,USA,2023-10-24 19:34:00
1125,Shannon,Sullivan,andre18@example.org,+1-691-990-1581,0728 Derek Lock Suite 245,New Nancyberg,DE,05976,USA,2023-02-01 19:20:00
1126,Adam,Carlson,torreskaitlin@example.net,(436)282-22394,814 John Flat Suite 552,North Justin,CA,25863,USA,2023-01-30 08:37:00
1127,Louis,Hayes,heather29@example.net,(756)920-53364,5478 Gregory Rest Apt. 428,West Jessica,SC,10523,USA,2023-09-02 16:58:00
1128,Jessica,Mcclain,hessbeth@example.net,808.548.8725,78816 Shaw Shore Apt. 928,South Erik,OK,74663,USA,2023-09-29 10:03:00
1129,Donna,Faulkner,ccrosby@example.org,001-273-214-530,84498 Nicholas Lane Suite 918,Nicholasbury,NC,53695,USA,2023-09-18 09:54:00
1130,Michael,Parrish,msparks@example.org,327.523.184322,1777 Brittany Rue Suite 030,New Brittany,DC,83016,USA,2023-04-06 09:38:00
1131,William,Macdonald,brianscott@example.org,869.490.413797,842 Nielsen Ranch,East Nicholasberg,CT,02671,USA,2023-02-04 18:55:00
1132,James,Heath,mserrano@example.org,(979)490-8811,686 Golden Square,Perezfort,WY,50470,USA,2023-05-01 14:07:00
1133,Michael,Ballard,colemanjonathan@example.org,349-286-4300,356 Rodriguez Meadow Suite 486,Cherylfurt,WV,27199,USA,2023-10-19 11:37:00
1134,Robert,Bowers,jwhite@example.net,844.795.621372,60127 Davis Greens,West Christopher,AZ,95461,USA,2023-11-01 08:39:00
1135,Patrick,Joyce,jennifer90@example.org,+1-477-203-8430,02146 Caldwell Lodge Apt. 801,New Justinside,PW,76907,USA,2023-02-11 14:42:00
1136,Michael,Richmond,jeremy37@example.com,001-604-726-818,489 Benson Lane,Carrillomouth,WI,60643,USA,2023-10-26 17:33:00
1137,Erin,Mosley,olsonjonathan@example.com,+1-833-756-5880,275 Robinson Ports,Ianborough,NM,97115,USA,2023-06-11 12:13:00
1138,James,Moss,jamie33@example.net,(721)911-79080,2846 Karen Crossroad Apt. 867,New Michaelburgh,NH,16277,USA,2023-12-09 19:20:00
1139,Helen,Stevens,smithjason@example.net,655-994-2843,2763 Haynes Landing Suite 647,New David,OK,90417,USA,2023-05-03 12:25:00
1140,Jeremy,Garcia,linda86@example.com,722.970.2672,8906 Hannah Circle Apt. 471,Garnerview,MN,47727,USA,2023-03-09 18:41:00
1141,Ann,Frederick,maurice61@example.com,+1-893-699-8245,225 Welch Ports Suite 112,Jeremymouth,SD,38689,USA,2023-06-03 15:20:00
1142,Jennifer,Jacobs,cnelson@example.com,001-498-876-220,17800 Warren Corner,West Christineland,SD,51598,USA,2023-02-07 08:29:00
1143,Kyle,Wright,scott22@example.net,(900)455-7784,979 Mills Route,Reginafort,ND,30271,USA,2023-11-15 17:06:00
1144,Linda,Ramos,robert24@example.org,9826547807,4930 Lopez Points,Fosterburgh,VT,97116,USA,2023-02-07 16:13:00
1145,Debbie,Clayton,josehenderson@example.org,994.648.463122,50208 Jacob Cove Suite 427,East Christophertown,NM,28968,USA,2023-09-17 12:08:00
1146,Matthew,Collins,dbolton@example.net,9514204618,6013 Wise Mills,Lake Virginia,ID,60903,USA,2023-06-28 09:56:00
1147,Jill,Davis,thomasmaldonado@example.com,520-888-147435,24916 Albert Canyon Suite 925,East Ericland,TX,81588,USA,2023-05-06 13:18:00
1148,Matthew,Booker,browndeanna@example.net,+1-512-273-5857,2407 Hansen Plains Suite 392,Mariomouth,KY,78971,USA,2023-03-22 15:53:00
1149,Robin,Spencer,schmidtshannon@example.com,+1-757-508-6209,186 Alexandria Parks Apt. 945,Davidsonville,CT,69077,USA,2023-10-06 19:19:00
1150,Donna,Williams,gregoryjohnson@example.org,531.309.678994,71705 Short Underpass,Port Christinahaven,AZ,96747,USA,2023-11-10 20:41:00
1151,Chad,Torres,susandavis@example.net,886.333.8392,761 Laura Plaza Suite 852,Mahoneymouth,OH,43054,USA,2023-09-28 08:42:00
1152,Megan,Gutierrez,umckenzie@example.net,998.836.8457,049 Zachary Hollow,West Traceyborough,PR,41776,USA,2023-10-11 12:59:00
1153,Andrew,Short,samantha88@example.net,001-721-507-522,4196 Jessica Stream,Lauraburgh,NM,90887,USA,2023-12-06 09:56:00
1154,Jacqueline,Weiss,larsonkevin@example.net,001-561-205-566,48058 Mark Square Apt. 206,Mullinsshire,NY,12308,USA,2023-03-10 12:07:00
1155,Jeffrey,Roberts,vhernandez@example.org,590.986.416862,938 John Grove Suite 591,Lake Robertstad,MI,25468,USA,2023-02-24 19:35:00
1156,Malik,Wheeler,carrillogary@example.com,+1-279-527-0335,0514 Ruiz Isle,Lake Amanda,IL,72121,USA,2023-03-21 12:18:00
1157,Alexandra,Green,jdean@example.net,001-606-298-042,016 Alvarado Shoals Suite 104,Hallfurt,NY,93521,USA,2023-11-06 11:45:00
1158,Cory,Stewart,lopezvincent@example.com,+1-400-238-4576,554 Wendy Parkway Suite 046,New Stacybury,FL,45299,USA,2023-06-25 11:43:00
1159,Penny,Sandoval,blairabigail@example.net,+1-436-539-2649,832 Barker Pine,South Wendy,WI,19526,USA,2023-11-21 12:32:00
1160,Diana,Cunningham,lonniegrant@example.net,925-620-5664,12209 Obrien Ridge,New Jesse,TX,03919,USA,2023-09-08 12:57:00
1161,Michael,Watts,manderson@example.com,001-252-667-722,33127 Watts Way Suite 366,New Jillfurt,VA,41513,USA,2023-01-27 09:40:00
1162,Phillip,Crosby,meyershannon@example.org,588.660.8680,4472 Phillips Center Apt. 771,East Kimberlyside,DC,52021,USA,2023-08-05 12:02:00
1163,Robert,Hayes,shawnmosley@example.org,814.452.111751,602 Cunningham Shoals Apt. 222,South Kylemouth,LA,82611,USA,2023-01-02 13:49:00
1164,Henry,Roach,adamcannon@example.org,877.980.973397,903 Harvey Point,North Jack,AR,86127,USA,2023-03-08 18:16:00
1165,Michael,Thomas,estradamary@example.com,710-216-224999,5561 Bridges Circles,Thomasville,UT,36469,USA,2023-03-24 19:28:00
1166,Mark,Gutierrez,heathersalazar@example.org,001-681-779-469,978 Vasquez Falls,Lake Kelly,ID,00708,USA,2023-10-10 19:27:00
1167,David,Marshall,mclaughlinjared@example.net,(760)255-83034,556 Marilyn Fields,Marthafort,PW,62694,USA,2023-10-15 08:07:00
1168,Laura,Brewer,dmoore@example.net,776-308-495880,0568 Ashley Loaf,New Darryl,WY,99006,USA,2023-02-08 19:57:00
1169,Kyle,Hodge,nelsonchristopher@example.org,(974)238-42150,235 Oconnor Pine Suite 521,East Jenny,NH,51302,USA,2023-03-18 16:02:00
1170,Jennifer,Boyd,collinsbradley@example.net,657-501-8409,34485 Lambert Groves Apt. 241,New Anitaville,IL,71611,USA,2023-07-09 17:35:00
1171,Michael,Flores,sherrybrock@example.net,421.249.5870,016 Christopher Lock Apt. 997,Larryborough,VT,99906,USA,2023-03-17 14:08:00
1172,Emily,Ferguson,fbradley@example.net,817.447.733294,7701 Rodriguez Neck Suite 245,New Dakota,GU,94122,USA,2023-01-22 12:23:00
1173,Laura,Nguyen,sparksamanda@example.com,001-363-793-827,966 Stephens Freeway,Lake Elizabeth,WA,93812,USA,2023-01-21 13:13:00
1174,Audrey,Tucker,gnguyen@example.com,(946)219-1965,29022 Schmidt Loaf,Gonzalezmouth,ME,75248,USA,2023-12-16 11:42:00
1175,Laura,Frazier,wrobbins@example.org,001-209-286-240,40369 Garrett Station Suite 666,Lake Glenn,DC,25172,USA,2023-02-22 13:49:00
1176,Angela,Bridges,mary24@example.net,(320)410-2762,9692 Hicks Plaza Suite 653,South Cassandra,OK,65795,USA,2023-10-14 14:39:00
1177,Melanie,Young,robert89@example.com,4096751971,189 John Roads Apt. 894,West Amandatown,NJ,60012,USA,2023-03-21 11:55:00
1178,William,Harrison,robert44@example.org,2946940792,7128 Melissa Harbors,Davidview,KY,34180,USA,2023-03-25 20:51:00
1179,Alexis,Rodriguez,reneestevenson@example.net,452.943.728051,3723 Brown Greens Apt. 027,Alvarezfort,WA,99123,USA,2023-04-01 14:01:00
1180,Sandra,Hall,jwells@example.net,(704)676-58018,49673 April Springs Apt. 580,Port Carloschester,CT,69348,USA,2023-04-02 19:59:00
1181,Dalton,Griffin,jessicaking@example.org,3914093911,921 Jon Mountain Apt. 746,Jonathanland,KY,08678,USA,2023-06-20 20:59:00
1182,Patrick,Cook,scottlisa@example.org,517.339.627128,410 Chad Stream Suite 707,Lake Danielle,AZ,87612,USA,2023-07-30 20:42:00
1183,Peter,Hernandez,rebecca90@example.net,001-777-766-183,0158 Miller Mount Suite 328,South Donnaport,UT,51632,USA,2023-05-08 12:10:00
1184,Peggy,Mccoy,tom73@example.org,6309937618,05050 Wilson Valley Suite 829,North Benjamin,FL,64581,USA,2023-12-26 09:24:00
1185,Desiree,Ruiz,sanchezdeborah@example.org,(304)317-9291,931 Ronald Valleys Suite 519,West Mary,WY,28449,USA,2023-01-20 15:14:00
1186,Kathryn,Watkins,bryan42@example.com,(358)827-3902,71002 Jasmine Ramp,Robertfort,UT,17133,USA,2023-04-13 15:22:00
1187,Jamie,Bowman,ljenkins@example.net,001-509-527-914,195 Steven Road,West Brian,DE,20059,USA,2023-06-06 20:55:00
1188,Gina,Schmitt,kjimenez@example.net,9052436459,082 Kristen Oval,North Pattymouth,OR,76491,USA,2023-04-27 11:01:00
1189,Mark,Gonzalez,jerry15@example.org,936-236-3179,39726 Taylor Stravenue Apt. 543,Davidshire,AR,37280,USA,2023-12-04 11:25:00
1190,Derek,York,wbarnes@example.com,349.829.2983,97740 Fitzgerald Gateway Apt. 569,New Sophia,PW,75697,USA,2023-06-18 12:55:00
1191,Rachel,Butler,williamsthomas@example.net,3682671773,25431 Timothy Inlet Apt. 799,South Stevenberg,VI,92662,USA,2023-02-05 20:17:00
1192,Richard,Clarke,courtney01@example.com,001-758-204-649,16579 Michael Extensions Apt. 832,Johnville,SD,63218,USA,2023-06-29 18:32:00
1193,Jo,Goodwin,karenhodges@example.com,(348)964-01557,9513 Miller Lock Apt. 411,West Daniel,FL,65555,USA,2023-07-24 18:53:00
1194,Edward,Harris,cartertara@example.net,(275)567-0431,9557 Ellis Port Apt. 424,South Nathan,LA,06703,USA,2023-10-02 13:01:00
1195,Eddie,Mitchell,christinemartin@example.net,722-422-310592,055 Nathan Plains,New Kevin,PW,03767,USA,2023-03-01 12:11:00
1196,Richard,Porter,staciereilly@example.org,9887547492,702 Kyle Locks,South Michael,MD,07714,USA,2023-10-25 12:02:00
1197,Cathy,Lee,kimberlywang@example.org,7182718637,2656 Smith Key Suite 478,East Jessicamouth,WA,54975,USA,2023-02-25 17:27:00
1198,Linda,Roberts,achandler@example.org,001-391-823-478,64628 Page Throughway,East Jacob,MS,38441,USA,2023-06-26 19:50:00
1199,Angela,Williams,mary47@example.net,001-973-500-244,47195 Cunningham Ways,Courtneyfort,UT,16175,USA,2023-06-10 14:38:00
1200,Nathaniel,Quinn,brucefrancisco@example.org,(857)725-2045,4818 Katie Falls,New Karenside,MD,41947,USA,2023-09-19 09:24:00
1201,Margaret,Cohen,joseph51@example.net,001-852-702-845,32833 Robert Club,Port Davidtown,NJ,46141,USA,2023-10-23 11:16:00
1202,Larry,Cox,mpreston@example.net,001-352-840-132,07603 Antonio Shoals,South Davidview,AZ,09184,USA,2023-01-23 19:27:00
1203,Kevin,Smith,pattonsamantha@example.org,001-732-750-124,938 Cory Prairie,New Jayborough,LA,23015,USA,2023-01-01 16:59:00
1204,Rachel,Medina,glasssamantha@example.net,859.327.125663,71827 Bush Point Apt. 157,South Justinport,TX,58691,USA,2023-10-03 18:46:00
1205,Jeremiah,Russell,elopez@example.com,+1-352-407-1678,3539 Martinez Villages,Hardyview,WV,94020,USA,2023-12-10 11:23:00
1206,Katie,Wheeler,qkelly@example.net,(278)342-71147,70269 Hernandez Road,Port Charleshaven,WI,65013,USA,2023-08-09 09:42:00
1207,Laura,Harris,qhenry@example.net,288-400-616756,276 Larry Loaf Suite 197,Alvarezburgh,NY,07806,USA,2023-06-19 17:20:00
1208,Peter,Simpson,wjensen@example.com,700-790-255905,0333 Watkins Spurs Apt. 415,North Amanda,AZ,60913,USA,2023-12-06 09:46:00
1209,Diane,Henderson,sadams@example.com,001-905-369-659,7852 Cox Mews,South Cynthia,WY,10373,USA,2023-06-03 16:19:00
1210,Mary,Herrera,joseph49@example.com,991.891.9541,1484 Alvarado Island,South Richard,RI,68051,USA,2023-12-08 14:20:00
1211,Shawn,Hines,nicoleburton@example.net,(297)537-4896,2324 Jenkins Wall Apt. 364,Debbieview,TX,79305,USA,2023-07-26 19:18:00
1212,Joel,Allen,jamessanchez@example.com,678.466.032420,700 Lee Hills,South Pennyland,MO,95427,USA,2023-10-11 10:12:00
1213,Megan,Young,boydmaria@example.net,571-439-155963,34764 Tracy Landing,West Amyfort,TX,32790,USA,2023-08-04 18:24:00
1214,Sylvia,Suarez,michaelbaldwin@example.com,7903034864,6064 Davis View,West Jason,FM,21502,USA,2023-12-13 19:57:00
1215,Ruth,Welch,rmccormick@example.org,001-777-965-612,27206 Courtney Island,North Erichaven,VT,85590,USA,2023-03-31 17:36:00
1216,Kathryn,Bradford,usparks@example.com,824.529.543165,89317 Jose Walk,North Richard,NE,79195,USA,2023-06-04 14:35:00
1217,Jorge,Davis,george91@example.org,001-886-477-133,93436 Ricky Drive Apt. 443,Solomonstad,OR,90189,USA,2023-01-01 12:18:00
1218,Deborah,Miller,uanderson@example.net,(936)769-41180,48964 Lambert Curve,New Harryburgh,NY,65098,USA,2023-04-18 14:50:00
1219,Sarah,Humphrey,christopherpage@example.com,(841)650-2745,485 Stafford Island Suite 287,East Edgarbury,HI,05201,USA,2023-10-24 17:41:00
1220,Thomas,Martin,fgraham@example.org,658.477.712151,849 Brandy Avenue,South Samantha,IA,65789,USA,2023-06-14 15:28:00
1221,Erica,Clay,mitchelltina@example.org,(259)715-20177,975 Jason Causeway,Marcuston,WA,09770,USA,2023-08-15 18:13:00
1222,Amy,Guzman,rossgregory@example.com,603-926-6421,492 Wade Village Suite 837,Mcclurefort,KY,74302,USA,2023-09-19 15:50:00
1223,Caroline,Davis,nshepherd@example.org,(961)808-57327,4224 Alexandra Hill,New Charleston,NY,14608,USA,2023-03-28 18:05:00
1224,William,Gutierrez,kguerrero@example.com,(349)818-01722,9779 Peterson Well Apt. 321,Monicaville,NE,70542,USA,2023-05-26 16:42:00
1225,Andrew,Foster,jacksonthomas@example.net,(597)349-95641,303 Wong Run,South Megan,PR,71094,USA,2023-11-21 17:21:00
1226,James,Turner,bhernandez@example.org,522-577-7079,605 Curtis Vista Suite 679,Benjaminfurt,NM,67787,USA,2023-02-17 20:15:00
1227,Brittany,Carr,dhall@example.net,3699581467,6024 Taylor Mill Apt. 839,Sandramouth,DC,38956,USA,2023-12-11 12:14:00
1228,Jennifer,Myers,rwhitaker@example.net,001-957-329-341,4338 Yvette Knolls Suite 522,Port Brycechester,DE,81446,USA,2023-04-12 10:01:00
1229,Jeremy,Hoffman,vscott@example.com,001-308-242-891,13524 Gill Parks,East Deborahmouth,GU,18559,USA,2023-01-24 11:30:00
1230,David,Harris,ahammond@example.org,854.582.145653,6678 Acevedo Mills,Port Alejandro,AS,68310,USA,2023-11-09 20:04:00
1231,Sherry,Miller,richard26@example.org,(202)690-84668,673 Terry Valleys,Roweport,CO,05346,USA,2023-08-22 14:56:00
1232,Amanda,Price,abigailfernandez@example.org,688-548-5200,681 Mckenzie Green Suite 101,Evanstown,NH,44931,USA,2023-11-19 17:12:00
1233,Tonya,Trujillo,michaelmitchell@example.net,001-526-783-158,26611 Roger Curve Suite 371,Ericafurt,OR,73766,USA,2023-12-23 14:31:00
1234,April,Foster,breanna67@example.net,962.928.277288,285 Carolyn Lodge,North Mikeport,AZ,69022,USA,2023-07-24 11:09:00
1235,Eric,Watson,kevin70@example.org,(296)304-4327,06794 Mccullough Tunnel Suite 792,New Dana,WV,59474,USA,2023-12-02 19:00:00
1236,Elizabeth,Hernandez,christopher99@example.com,(336)358-07412,890 Karen Parkway,North Dominiqueside,HI,02987,USA,2023-02-24 20:27:00
1237,Joshua,Harris,richard07@example.org,662-460-856411,1246 Brian Islands,North Jennifer,ME,51611,USA,2023-04-23 10:51:00
1238,Corey,Thomas,jonathan10@example.org,699.237.8861,8617 Rick Fort Apt. 489,East Kathrynberg,ME,74982,USA,2023-12-23 16:29:00
1239,Richard,Miller,kristathomas@example.net,(638)468-7007,74946 Kirby Forest,Brandonside,OK,09667,USA,2023-01-26 16:15:00
1240,Kevin,Foster,rivasjessica@example.com,(739)285-54743,097 Rachel Spring,South Angela,UT,92683,USA,2023-03-04 15:08:00
1241,Tracy,Long,cobbdebra@example.org,+1-407-215-6956,5370 Julia Trace,Erinstad,ID,12293,USA,2023-08-26 18:33:00
1242,Lisa,Garrett,jimsnyder@example.com,6479930361,399 Cameron Crossroad,East Jordanshire,PR,30380,USA,2023-10-14 17:20:00
1243,Nicole,Daniel,james08@example.net,987-906-056641,030 Hull Place Suite 506,West Christopher,OK,03826,USA,2023-08-15 17:52:00
1244,Veronica,Perez,prosario@example.org,(754)611-0760,73505 Sherry Trail,Duranmouth,OR,16862,USA,2023-09-16 14:53:00
1245,Christopher,Brown,bennettpamela@example.net,320-270-4961,6619 Hall Rapid,South Patrickchester,FM,81793,USA,2023-10-08 15:57:00
1246,Christine,Morgan,gibsonmark@example.org,610-791-9392,9723 Laura Circle Apt. 496,Larryside,WI,19588,USA,2023-03-23 19:55:00
1247,Dylan,Parker,kelly08@example.net,+1-520-938-8065,599 Jensen Manor Suite 217,South Jeffreytown,SC,29733,USA,2023-09-01 15:16:00
1248,Heather,Owens,johnnavarro@example.com,001-463-662-050,95003 Justin Forges Suite 258,East James,HI,34814,USA,2023-05-07 18:17:00
1249,Renee,Smith,nicholascobb@example.org,434-573-552896,655 Rowland Gardens,Port Christinaborough,PR,70685,USA,2023-09-24 15:40:00
1250,Kelly,Hernandez,brianflynn@example.org,997.431.791286,587 Wells Prairie Suite 903,East Shannon,IA,52392,USA,2023-05-03 12:28:00
